what,kind,bundleId,bundleVersion,description,time
executed,command,org.eclipse.ui,3.7.0.v20110928-1505,"org.eclipse.ui.file.save",1389829709996
activated,editor,org.scala-ide.sdt.core,3.0.0.v-2_09-201303191340-dac2f1c,"scala.tools.eclipse.ScalaSourceFileEditor",1389829750257
opened,editor,org.scala-ide.sdt.core,3.0.0.v-2_09-201303191340-dac2f1c,"scala.tools.eclipse.ScalaSourceFileEditor",1389829754449
activated,editor,org.scala-ide.sdt.core,3.0.0.v-2_09-201303191340-dac2f1c,"scala.tools.eclipse.ScalaSourceFileEditor",1389829754498
activated,editor,org.scala-ide.sdt.core,3.0.0.v-2_09-201303191340-dac2f1c,"scala.tools.eclipse.ScalaSourceFileEditor",1389829756177
executed,command,org.eclipse.ui,3.7.0.v20110928-1505,"org.eclipse.ui.file.save",1389829760863
executed,command,org.eclipse.ui,3.7.0.v20110928-1505,"org.eclipse.ui.edit.copy",1389829795443
executed,command,org.eclipse.ui,3.7.0.v20110928-1505,"org.eclipse.ui.edit.paste",1389829836098
executed,command,org.eclipse.ui,3.7.0.v20110928-1505,"org.eclipse.ui.edit.paste",1389829841526
executed,command,org.eclipse.ui,3.7.0.v20110928-1505,"org.eclipse.ui.file.save",1389829857165
deactivated,workbench,org.eclipse.ui.workbench,3.7.1.v20120104-1859,"",1389829864306
activated,workbench,org.eclipse.ui.workbench,3.7.1.v20120104-1859,"",1389829867206
activated,editor,org.scala-ide.sdt.core,3.0.0.v-2_09-201303191340-dac2f1c,"scala.tools.eclipse.ScalaSourceFileEditor",1389829870675
executed,command,org.eclipse.ui,3.7.0.v20110928-1505,"org.eclipse.ui.file.save",1389829876442
activated,editor,org.scala-ide.sdt.core,3.0.0.v-2_09-201303191340-dac2f1c,"scala.tools.eclipse.ScalaSourceFileEditor",1389829889983
executed,command,org.eclipse.ui,3.7.0.v20110928-1505,"org.eclipse.ui.file.save",1389829893762
executed,command,org.eclipse.ui,3.7.0.v20110928-1505,"org.eclipse.ui.file.save",1389829901859
executed,command,org.eclipse.ui,3.7.0.v20110928-1505,"org.eclipse.ui.file.save",1389829906066
executed,command,org.eclipse.ui,3.7.0.v20110928-1505,"org.eclipse.ui.file.save",1389829914802
executed,command,org.eclipse.ui,3.7.0.v20110928-1505,"org.eclipse.ui.file.save",1389829932962
executed,command,org.eclipse.ui,3.7.0.v20110928-1505,"org.eclipse.ui.file.save",1389829967316
executed,command,org.eclipse.ui,3.7.0.v20110928-1505,"org.eclipse.ui.file.save",1389829997463
deactivated,workbench,org.eclipse.ui.workbench,3.7.1.v20120104-1859,"",1389830053638
activated,workbench,org.eclipse.ui.workbench,3.7.1.v20120104-1859,"",1389830312236
executed,command,org.eclipse.ui,3.7.0.v20110928-1505,"org.eclipse.ui.file.save",1389830419005
executed,command,org.eclipse.ui,3.7.0.v20110928-1505,"org.eclipse.ui.file.save",1389830441908
executed,command,org.eclipse.ui,3.7.0.v20110928-1505,"org.eclipse.ui.edit.copy",1389830764315
executed,command,org.eclipse.ui,3.7.0.v20110928-1505,"org.eclipse.ui.edit.paste",1389830771318
executed,command,org.eclipse.ui,3.7.0.v20110928-1505,"org.eclipse.ui.file.save",1389830809478
executed,command,org.eclipse.ui,3.7.0.v20110928-1505,"org.eclipse.ui.file.save",1389830825903
activated,view,org.eclipse.ui.console,3.5.100.v20111007_r372,"org.eclipse.ui.console.ConsoleView",1389830837512
activated,editor,org.scala-ide.sdt.core,3.0.0.v-2_09-201303191340-dac2f1c,"scala.tools.eclipse.ScalaSourceFileEditor",1389830841184
executed,command,org.eclipse.ui,3.7.0.v20110928-1505,"org.eclipse.ui.file.save",1389830847179
executed,command,org.eclipse.ui,3.7.0.v20110928-1505,"org.eclipse.ui.file.save",1389830853808
deactivated,workbench,org.eclipse.ui.workbench,3.7.1.v20120104-1859,"",1389830856862
activated,workbench,org.eclipse.ui.workbench,3.7.1.v20120104-1859,"",1389830858584
executed,command,org.eclipse.ui,3.7.0.v20110928-1505,"org.eclipse.ui.file.save",1389830900296
executed,command,org.eclipse.ui,3.7.0.v20110928-1505,"org.eclipse.ui.file.save",1389830916429
executed,command,org.eclipse.ui,3.7.0.v20110928-1505,"org.eclipse.ui.file.save",1389831142970
executed,command,org.eclipse.ui,3.7.0.v20110928-1505,"org.eclipse.ui.file.save",1389831168364
deactivated,workbench,org.eclipse.ui.workbench,3.7.1.v20120104-1859,"",1389831170929
activated,workbench,org.eclipse.ui.workbench,3.7.1.v20120104-1859,"",1389831171304
executed,command,org.eclipse.ui,3.7.0.v20110928-1505,"org.eclipse.ui.file.save",1389831233027
executed,command,org.eclipse.ui,3.7.0.v20110928-1505,"org.eclipse.ui.file.save",1389831243842
executed,command,org.eclipse.ui,3.7.0.v20110928-1505,"org.eclipse.ui.file.save",1389831252976
executed,command,org.eclipse.ui,3.7.0.v20110928-1505,"org.eclipse.ui.file.save",1389831304132
executed,command,org.eclipse.ui,3.7.0.v20110928-1505,"org.eclipse.ui.file.save",1389831320380
executed,command,org.eclipse.ui,3.7.0.v20110928-1505,"org.eclipse.ui.file.save",1389831333586
deactivated,workbench,org.eclipse.ui.workbench,3.7.1.v20120104-1859,"",1389831350476
activated,workbench,org.eclipse.ui.workbench,3.7.1.v20120104-1859,"",1389831351363
executed,command,org.eclipse.ui,3.7.0.v20110928-1505,"org.eclipse.ui.file.save",1389831354898
deactivated,workbench,org.eclipse.ui.workbench,3.7.1.v20120104-1859,"",1389831357398
activated,workbench,org.eclipse.ui.workbench,3.7.1.v20120104-1859,"",1389831357688
executed,command,org.eclipse.ui,3.7.0.v20110928-1505,"org.eclipse.ui.file.save",1389831377521
executed,command,org.eclipse.ui,3.7.0.v20110928-1505,"org.eclipse.ui.file.save",1389831403922
executed,command,org.eclipse.ui,3.7.0.v20110928-1505,"org.eclipse.ui.edit.paste",1389831418019
executed,command,org.eclipse.ui,3.7.0.v20110928-1505,"org.eclipse.ui.edit.undo",1389831419115
executed,command,org.eclipse.ui,3.7.0.v20110928-1505,"org.eclipse.ui.edit.copy",1389831420019
executed,command,org.eclipse.ui,3.7.0.v20110928-1505,"org.eclipse.ui.edit.paste",1389831422403
executed,command,org.eclipse.ui,3.7.0.v20110928-1505,"org.eclipse.ui.file.save",1389831422908
executed,command,org.eclipse.ui,3.7.0.v20110928-1505,"org.eclipse.ui.file.save",1389831491816
executed,command,org.eclipse.ui,3.7.0.v20110928-1505,"org.eclipse.ui.file.save",1389831615308
executed,command,org.eclipse.jdt.ui,3.7.2.v20120109-1427,"org.eclipse.jdt.ui.edit.text.java.format",1389831618269
executed,command,org.eclipse.ui,3.7.0.v20110928-1505,"org.eclipse.ui.edit.copy",1389831638244
executed,command,org.eclipse.ui,3.7.0.v20110928-1505,"org.eclipse.ui.edit.paste",1389831650035
executed,command,org.eclipse.ui,3.7.0.v20110928-1505,"org.eclipse.ui.file.save",1389831651370
executed,command,org.eclipse.ui,3.7.0.v20110928-1505,"org.eclipse.ui.file.save",1389831697707
deactivated,workbench,org.eclipse.ui.workbench,3.7.1.v20120104-1859,"",1389831701255
activated,workbench,org.eclipse.ui.workbench,3.7.1.v20120104-1859,"",1389831702603
executed,command,org.eclipse.ui,3.7.0.v20110928-1505,"org.eclipse.ui.edit.text.contentAssist.proposals",1389831742747
executed,command,org.eclipse.ui,3.7.0.v20110928-1505,"org.eclipse.ui.file.save",1389831749252
executed,command,org.eclipse.ui,3.7.0.v20110928-1505,"org.eclipse.ui.edit.copy",1389832113043
executed,command,org.eclipse.ui,3.7.0.v20110928-1505,"org.eclipse.ui.edit.paste",1389832119327
executed,command,org.eclipse.ui,3.7.0.v20110928-1505,"org.eclipse.ui.file.save",1389832124521
executed,command,org.eclipse.ui,3.7.0.v20110928-1505,"org.eclipse.ui.file.save",1389832172197
executed,command,org.eclipse.ui,3.7.0.v20110928-1505,"org.eclipse.ui.file.save",1389832189299
executed,command,org.eclipse.ui,3.7.0.v20110928-1505,"org.eclipse.ui.file.save",1389832208381
executed,command,org.eclipse.ui,3.7.0.v20110928-1505,"org.eclipse.ui.edit.copy",1389832230087
executed,command,org.eclipse.ui,3.7.0.v20110928-1505,"org.eclipse.ui.edit.paste",1389832232530
executed,command,org.eclipse.ui,3.7.0.v20110928-1505,"org.eclipse.ui.file.save",1389832272798
executed,command,org.eclipse.ui,3.7.0.v20110928-1505,"org.eclipse.ui.file.save",1389832286406
executed,command,org.eclipse.ui,3.7.0.v20110928-1505,"org.eclipse.ui.file.save",1389832297747
executed,command,org.eclipse.ui,3.7.0.v20110928-1505,"org.eclipse.ui.file.save",1389832326250
executed,command,org.eclipse.ui,3.7.0.v20110928-1505,"org.eclipse.ui.file.save",1389832335217
deactivated,workbench,org.eclipse.ui.workbench,3.7.1.v20120104-1859,"",1389832339174
activated,workbench,org.eclipse.ui.workbench,3.7.1.v20120104-1859,"",1389832340711
executed,command,org.eclipse.ui,3.7.0.v20110928-1505,"org.eclipse.ui.file.save",1389832357904
executed,command,org.eclipse.ui,3.7.0.v20110928-1505,"org.eclipse.ui.file.save",1389837825004
executed,command,org.eclipse.ui,3.7.0.v20110928-1505,"org.eclipse.ui.file.save",1389837888603
executed,command,org.eclipse.ui,3.7.0.v20110928-1505,"org.eclipse.ui.edit.copy",1389837902951
executed,command,org.eclipse.ui,3.7.0.v20110928-1505,"org.eclipse.ui.edit.paste",1389837904075
executed,command,org.eclipse.ui,3.7.0.v20110928-1505,"org.eclipse.ui.file.save",1389837943215
executed,command,org.eclipse.ui,3.7.0.v20110928-1505,"org.eclipse.ui.file.save",1389837957287
executed,command,org.eclipse.ui,3.7.0.v20110928-1505,"org.eclipse.ui.file.save",1389838161486
executed,command,org.eclipse.ui,3.7.0.v20110928-1505,"org.eclipse.ui.file.save",1389838198081
activated,view,org.eclipse.ui.console,3.5.100.v20111007_r372,"org.eclipse.ui.console.ConsoleView",1389838351193
opened,editor,org.scala-ide.sdt.core,3.0.0.v-2_09-201303191340-dac2f1c,"scala.tools.eclipse.ScalaClassFileEditor",1389838351782
activated,editor,org.scala-ide.sdt.core,3.0.0.v-2_09-201303191340-dac2f1c,"scala.tools.eclipse.ScalaClassFileEditor",1389838351818
activated,view,org.eclipse.ui.console,3.5.100.v20111007_r372,"org.eclipse.ui.console.ConsoleView",1389838363251
opened,editor,org.scala-ide.sdt.core,3.0.0.v-2_09-201303191340-dac2f1c,"scala.tools.eclipse.ScalaClassFileEditor",1389838363650
activated,editor,org.scala-ide.sdt.core,3.0.0.v-2_09-201303191340-dac2f1c,"scala.tools.eclipse.ScalaClassFileEditor",1389838363703
activated,editor,org.scala-ide.sdt.core,3.0.0.v-2_09-201303191340-dac2f1c,"scala.tools.eclipse.ScalaClassFileEditor",1389838372230
closed,editor,org.scala-ide.sdt.core,3.0.0.v-2_09-201303191340-dac2f1c,"scala.tools.eclipse.ScalaClassFileEditor",1389838372231
activated,editor,org.scala-ide.sdt.core,3.0.0.v-2_09-201303191340-dac2f1c,"scala.tools.eclipse.ScalaSourceFileEditor",1389838373391
closed,editor,org.scala-ide.sdt.core,3.0.0.v-2_09-201303191340-dac2f1c,"scala.tools.eclipse.ScalaClassFileEditor",1389838373392
executed,command,org.eclipse.ui,3.7.0.v20110928-1505,"org.eclipse.ui.file.save",1389838411322
executed,command,org.eclipse.ui,3.7.0.v20110928-1505,"org.eclipse.ui.file.save",1389838417694
executed,command,org.eclipse.ui,3.7.0.v20110928-1505,"org.eclipse.ui.file.save",1389838421317
executed,command,org.eclipse.ui,3.7.0.v20110928-1505,"org.eclipse.ui.file.save",1389838485233
executed,command,org.eclipse.ui,3.7.0.v20110928-1505,"org.eclipse.ui.file.save",1389838504781
executed,command,org.eclipse.ui,3.7.0.v20110928-1505,"org.eclipse.ui.edit.copy",1389838518951
executed,command,org.eclipse.ui,3.7.0.v20110928-1505,"org.eclipse.ui.edit.paste",1389838520455
executed,command,org.eclipse.ui,3.7.0.v20110928-1505,"org.eclipse.ui.edit.copy",1389838527298
deactivated,workbench,org.eclipse.ui.workbench,3.7.1.v20120104-1859,"",1389838529396
activated,workbench,org.eclipse.ui.workbench,3.7.1.v20120104-1859,"",1389838530362
executed,command,org.eclipse.ui,3.7.0.v20110928-1505,"org.eclipse.ui.edit.paste",1389838531243
executed,command,org.eclipse.ui,3.7.0.v20110928-1505,"org.eclipse.ui.file.save",1389838532540
executed,command,org.eclipse.ui,3.7.0.v20110928-1505,"org.eclipse.ui.file.save",1389838550010
executed,command,org.eclipse.ui,3.7.0.v20110928-1505,"org.eclipse.ui.file.save",1389838574291
executed,command,org.eclipse.ui,3.7.0.v20110928-1505,"org.eclipse.ui.file.save",1389838600499
executed,command,org.eclipse.ui,3.7.0.v20110928-1505,"org.eclipse.ui.edit.copy",1389838610039
executed,command,org.eclipse.ui,3.7.0.v20110928-1505,"org.eclipse.ui.edit.paste",1389838613183
executed,command,org.eclipse.ui,3.7.0.v20110928-1505,"org.eclipse.ui.file.save",1389838614562
executed,command,org.eclipse.ui,3.7.0.v20110928-1505,"org.eclipse.ui.file.save",1389838654551
executed,command,org.eclipse.ui,3.7.0.v20110928-1505,"org.eclipse.ui.file.save",1389838681702
deactivated,workbench,org.eclipse.ui.workbench,3.7.1.v20120104-1859,"",1389838685429
activated,workbench,org.eclipse.ui.workbench,3.7.1.v20120104-1859,"",1389838686918
executed,command,org.eclipse.ui,3.7.0.v20110928-1505,"org.eclipse.ui.file.save",1389838751583
executed,command,org.eclipse.ui,3.7.0.v20110928-1505,"org.eclipse.ui.file.save",1389838754300
executed,command,org.eclipse.ui,3.7.0.v20110928-1505,"org.eclipse.ui.file.save",1389838765843
executed,command,org.eclipse.ui,3.7.0.v20110928-1505,"org.eclipse.ui.file.save",1389838770866
deactivated,workbench,org.eclipse.ui.workbench,3.7.1.v20120104-1859,"",1389838776372
activated,workbench,org.eclipse.ui.workbench,3.7.1.v20120104-1859,"",1389838777778
executed,command,org.eclipse.ui,3.7.0.v20110928-1505,"org.eclipse.ui.file.save",1389838790786
executed,command,org.eclipse.ui,3.7.0.v20110928-1505,"org.eclipse.ui.file.save",1389838881636
executed,command,org.eclipse.ui,3.7.0.v20110928-1505,"org.eclipse.ui.file.save",1389838886941
executed,command,org.eclipse.ui,3.7.0.v20110928-1505,"org.eclipse.ui.file.save",1389838913327
executed,command,org.eclipse.ui,3.7.0.v20110928-1505,"org.eclipse.ui.file.save",1389838916573
executed,command,org.eclipse.ui,3.7.0.v20110928-1505,"org.eclipse.ui.file.save",1389838929839
activated,view,org.eclipse.ui.console,3.5.100.v20111007_r372,"org.eclipse.ui.console.ConsoleView",1389838968645
activated,editor,org.scala-ide.sdt.core,3.0.0.v-2_09-201303191340-dac2f1c,"scala.tools.eclipse.ScalaSourceFileEditor",1389838968781
executed,command,org.eclipse.ui,3.7.0.v20110928-1505,"org.eclipse.ui.edit.copy",1389839025387
executed,command,org.eclipse.ui,3.7.0.v20110928-1505,"org.eclipse.ui.edit.paste",1389839036635
executed,command,org.eclipse.ui,3.7.0.v20110928-1505,"org.eclipse.ui.file.save",1389839040217
executed,command,org.eclipse.ui,3.7.0.v20110928-1505,"org.eclipse.ui.file.save",1389839058918
executed,command,org.eclipse.ui,3.7.0.v20110928-1505,"org.eclipse.ui.edit.copy",1389839072607
executed,command,org.eclipse.ui,3.7.0.v20110928-1505,"org.eclipse.ui.edit.paste",1389839075008
executed,command,org.eclipse.ui,3.7.0.v20110928-1505,"org.eclipse.ui.edit.copy",1389839125202
executed,command,org.eclipse.ui,3.7.0.v20110928-1505,"org.eclipse.ui.edit.paste",1389839127677
executed,command,org.eclipse.ui,3.7.0.v20110928-1505,"org.eclipse.ui.file.save",1389839161657
activated,view,org.eclipse.ui.console,3.5.100.v20111007_r372,"org.eclipse.ui.console.ConsoleView",1389839174178
activated,editor,org.scala-ide.sdt.core,3.0.0.v-2_09-201303191340-dac2f1c,"scala.tools.eclipse.ScalaSourceFileEditor",1389839356753
executed,command,org.eclipse.ui,3.7.0.v20110928-1505,"org.eclipse.ui.file.save",1389839453070
executed,command,org.eclipse.ui,3.7.0.v20110928-1505,"org.eclipse.ui.file.save",1389839618071
executed,command,org.eclipse.ui,3.7.0.v20110928-1505,"org.eclipse.ui.file.save",1389839889200
executed,command,org.eclipse.ui,3.7.0.v20110928-1505,"org.eclipse.ui.file.save",1389839909669
deactivated,workbench,org.eclipse.ui.workbench,3.7.1.v20120104-1859,"",1389840230078
activated,workbench,org.eclipse.ui.workbench,3.7.1.v20120104-1859,"",1389840230600
executed,command,org.eclipse.ui,3.7.0.v20110928-1505,"org.eclipse.ui.file.save",1389840231501
executed,command,org.eclipse.ui,3.7.0.v20110928-1505,"org.eclipse.ui.file.save",1389840384509
activated,view,org.eclipse.ui.console,3.5.100.v20111007_r372,"org.eclipse.ui.console.ConsoleView",1389842025459
activated,editor,org.scala-ide.sdt.core,3.0.0.v-2_09-201303191340-dac2f1c,"scala.tools.eclipse.ScalaSourceFileEditor",1389843007199
executed,command,org.eclipse.ui,3.7.0.v20110928-1505,"org.eclipse.ui.edit.copy",1389843008115
executed,command,org.eclipse.ui,3.7.0.v20110928-1505,"org.eclipse.ui.edit.paste",1389843025893
executed,command,org.eclipse.ui,3.7.0.v20110928-1505,"org.eclipse.ui.file.save",1389843027741
activated,view,org.eclipse.ui.console,3.5.100.v20111007_r372,"org.eclipse.ui.console.ConsoleView",1389843058462
activated,editor,org.scala-ide.sdt.core,3.0.0.v-2_09-201303191340-dac2f1c,"scala.tools.eclipse.ScalaSourceFileEditor",1389843106813
executed,command,org.eclipse.ui,3.7.0.v20110928-1505,"org.eclipse.ui.edit.copy",1389843184320
executed,command,org.eclipse.ui,3.7.0.v20110928-1505,"org.eclipse.ui.edit.copy",1389843192439
executed,command,org.eclipse.ui,3.7.0.v20110928-1505,"org.eclipse.ui.edit.paste",1389843194202
executed,command,org.eclipse.ui,3.7.0.v20110928-1505,"org.eclipse.ui.file.save",1389843209538
executed,command,org.eclipse.ui,3.7.0.v20110928-1505,"org.eclipse.ui.file.save",1389843260524
activated,view,org.eclipse.ui.console,3.5.100.v20111007_r372,"org.eclipse.ui.console.ConsoleView",1389843278651
activated,editor,org.scala-ide.sdt.core,3.0.0.v-2_09-201303191340-dac2f1c,"scala.tools.eclipse.ScalaSourceFileEditor",1389843363102
executed,command,org.eclipse.ui,3.7.0.v20110928-1505,"org.eclipse.ui.edit.copy",1389843363817
executed,command,org.eclipse.ui,3.7.0.v20110928-1505,"org.eclipse.ui.file.save",1389843410024
executed,command,org.eclipse.ui,3.7.0.v20110928-1505,"org.eclipse.ui.file.save",1389843490554
executed,command,org.eclipse.ui,3.7.0.v20110928-1505,"org.eclipse.ui.edit.copy",1389843499626
executed,command,org.eclipse.ui,3.7.0.v20110928-1505,"org.eclipse.ui.edit.copy",1389843504434
executed,command,org.eclipse.ui,3.7.0.v20110928-1505,"org.eclipse.ui.edit.paste",1389843507551
executed,command,org.eclipse.ui,3.7.0.v20110928-1505,"org.eclipse.ui.file.save",1389843517643
executed,command,org.eclipse.ui,3.7.0.v20110928-1505,"org.eclipse.ui.file.save",1389843556963
activated,view,org.eclipse.ui.console,3.5.100.v20111007_r372,"org.eclipse.ui.console.ConsoleView",1389843708584
deactivated,workbench,org.eclipse.ui.workbench,3.7.1.v20120104-1859,"",1389843719236
activated,workbench,org.eclipse.ui.workbench,3.7.1.v20120104-1859,"",1389843728361
deactivated,workbench,org.eclipse.ui.workbench,3.7.1.v20120104-1859,"",1389843734685
activated,workbench,org.eclipse.ui.workbench,3.7.1.v20120104-1859,"",1389843736081
activated,editor,org.scala-ide.sdt.core,3.0.0.v-2_09-201303191340-dac2f1c,"scala.tools.eclipse.ScalaSourceFileEditor",1389843763983
executed,command,org.eclipse.ui,3.7.0.v20110928-1505,"org.eclipse.ui.file.save",1389843790567
activated,editor,org.scala-ide.sdt.core,3.0.0.v-2_09-201303191340-dac2f1c,"scala.tools.eclipse.ScalaSourceFileEditor",1389844054133
activated,editor,org.scala-ide.sdt.core,3.0.0.v-2_09-201303191340-dac2f1c,"scala.tools.eclipse.ScalaSourceFileEditor",1389844058579
closed,editor,org.scala-ide.sdt.core,3.0.0.v-2_09-201303191340-dac2f1c,"scala.tools.eclipse.ScalaSourceFileEditor",1389844058580
activated,view,org.eclipse.jdt.ui,3.7.2.v20120109-1427,"org.eclipse.jdt.ui.PackageExplorer",1389844061036
opened,editor,org.scala-ide.sdt.core,3.0.0.v-2_09-201303191340-dac2f1c,"scala.tools.eclipse.ScalaSourceFileEditor",1389844061301
activated,editor,org.scala-ide.sdt.core,3.0.0.v-2_09-201303191340-dac2f1c,"scala.tools.eclipse.ScalaSourceFileEditor",1389844061341
activated,view,org.eclipse.jdt.ui,3.7.2.v20120109-1427,"org.eclipse.jdt.ui.PackageExplorer",1389844061362
activated,editor,org.scala-ide.sdt.core,3.0.0.v-2_09-201303191340-dac2f1c,"scala.tools.eclipse.ScalaSourceFileEditor",1389844071796
activated,view,org.eclipse.ui.console,3.5.100.v20111007_r372,"org.eclipse.ui.console.ConsoleView",1389844116248
activated,editor,org.scala-ide.sdt.core,3.0.0.v-2_09-201303191340-dac2f1c,"scala.tools.eclipse.ScalaSourceFileEditor",1389844180941
deactivated,workbench,org.eclipse.ui.workbench,3.7.1.v20120104-1859,"",1389844252733
activated,workbench,org.eclipse.ui.workbench,3.7.1.v20120104-1859,"",1389844316298
executed,command,org.eclipse.ui,3.7.0.v20110928-1505,"org.eclipse.ui.file.save",1389844626343
executed,command,org.eclipse.ui,3.7.0.v20110928-1505,"org.eclipse.ui.file.save",1389844633486
activated,editor,org.scala-ide.sdt.core,3.0.0.v-2_09-201303191340-dac2f1c,"scala.tools.eclipse.ScalaSourceFileEditor",1389844682816
activated,editor,org.scala-ide.sdt.core,3.0.0.v-2_09-201303191340-dac2f1c,"scala.tools.eclipse.ScalaSourceFileEditor",1389844695454
executed,command,org.eclipse.ui,3.7.0.v20110928-1505,"org.eclipse.ui.file.save",1389844764750
executed,command,org.eclipse.ui,3.7.0.v20110928-1505,"org.eclipse.ui.file.save",1389844874288
executed,command,org.eclipse.ui,3.7.0.v20110928-1505,"org.eclipse.ui.edit.copy",1389844907095
executed,command,org.eclipse.ui,3.7.0.v20110928-1505,"org.eclipse.ui.edit.paste",1389844912741
executed,command,org.eclipse.ui,3.7.0.v20110928-1505,"org.eclipse.ui.file.save",1389844914058
activated,editor,org.scala-ide.sdt.core,3.0.0.v-2_09-201303191340-dac2f1c,"scala.tools.eclipse.ScalaSourceFileEditor",1389845028761
activated,editor,org.scala-ide.sdt.core,3.0.0.v-2_09-201303191340-dac2f1c,"scala.tools.eclipse.ScalaSourceFileEditor",1389845043050
executed,command,org.eclipse.ui,3.7.0.v20110928-1505,"org.eclipse.ui.file.save",1389845269562
executed,command,org.eclipse.ui,3.7.0.v20110928-1505,"org.eclipse.ui.file.save",1389845277818
executed,command,org.eclipse.ui,3.7.0.v20110928-1505,"org.eclipse.ui.edit.copy",1389845289091
executed,command,org.eclipse.ui,3.7.0.v20110928-1505,"org.eclipse.ui.edit.paste",1389845290701
executed,command,org.eclipse.ui,3.7.0.v20110928-1505,"org.eclipse.ui.file.save",1389845292884
executed,command,org.eclipse.ui,3.7.0.v20110928-1505,"org.eclipse.ui.edit.undo",1389845308654
executed,command,org.eclipse.ui,3.7.0.v20110928-1505,"org.eclipse.ui.edit.cut",1389845378835
executed,command,org.eclipse.ui,3.7.0.v20110928-1505,"org.eclipse.ui.edit.paste",1389845380397
executed,command,org.eclipse.ui,3.7.0.v20110928-1505,"org.eclipse.ui.edit.copy",1389845444587
executed,command,org.eclipse.ui,3.7.0.v20110928-1505,"org.eclipse.ui.edit.paste",1389845447070
executed,command,org.eclipse.ui,3.7.0.v20110928-1505,"org.eclipse.ui.file.save",1389845515053
executed,command,org.eclipse.ui,3.7.0.v20110928-1505,"org.eclipse.ui.file.save",1389845530243
executed,command,org.eclipse.ui,3.7.0.v20110928-1505,"org.eclipse.ui.file.save",1389845552354
activated,view,org.eclipse.ui.console,3.5.100.v20111007_r372,"org.eclipse.ui.console.ConsoleView",1389845914188
activated,editor,org.scala-ide.sdt.core,3.0.0.v-2_09-201303191340-dac2f1c,"scala.tools.eclipse.ScalaSourceFileEditor",1389845915227
executed,command,org.eclipse.ui,3.7.0.v20110928-1505,"org.eclipse.ui.file.save",1389845975605
activated,view,org.eclipse.ui.console,3.5.100.v20111007_r372,"org.eclipse.ui.console.ConsoleView",1389845991160
activated,editor,org.scala-ide.sdt.core,3.0.0.v-2_09-201303191340-dac2f1c,"scala.tools.eclipse.ScalaSourceFileEditor",1389846115981
executed,command,org.eclipse.ui,3.7.0.v20110928-1505,"org.eclipse.ui.edit.copy",1389846117379
executed,command,org.eclipse.ui,3.7.0.v20110928-1505,"org.eclipse.ui.edit.paste",1389846127529
executed,command,org.eclipse.ui,3.7.0.v20110928-1505,"org.eclipse.ui.file.save",1389846134895
deactivated,workbench,org.eclipse.ui.workbench,3.7.1.v20120104-1859,"",1389846158487
activated,workbench,org.eclipse.ui.workbench,3.7.1.v20120104-1859,"",1389846164790
activated,view,org.eclipse.ui.console,3.5.100.v20111007_r372,"org.eclipse.ui.console.ConsoleView",1389846164808
activated,editor,org.scala-ide.sdt.core,3.0.0.v-2_09-201303191340-dac2f1c,"scala.tools.eclipse.ScalaSourceFileEditor",1389846258297
executed,command,org.eclipse.ui,3.7.0.v20110928-1505,"org.eclipse.ui.file.save",1389846264249
deactivated,workbench,org.eclipse.ui.workbench,3.7.1.v20120104-1859,"",1389846268083
activated,workbench,org.eclipse.ui.workbench,3.7.1.v20120104-1859,"",1389846268290
executed,command,org.eclipse.ui,3.7.0.v20110928-1505,"org.eclipse.ui.file.save",1389846611101
executed,command,org.eclipse.jdt.ui,3.7.2.v20120109-1427,"org.eclipse.jdt.ui.edit.text.java.format",1389846693024
executed,command,org.eclipse.ui,3.7.0.v20110928-1505,"org.eclipse.ui.file.save",1389846694037
deactivated,workbench,org.eclipse.ui.workbench,3.7.1.v20120104-1859,"",1389891109386
activated,workbench,org.eclipse.ui.workbench,3.7.1.v20120104-1859,"",1389891110768
activated,view,org.eclipse.ui.console,3.5.100.v20111007_r372,"org.eclipse.ui.console.ConsoleView",1389891114235
activated,editor,org.scala-ide.sdt.core,3.0.0.v-2_09-201303191340-dac2f1c,"scala.tools.eclipse.ScalaSourceFileEditor",1389897320220
executed,command,org.eclipse.ui,3.7.0.v20110928-1505,"org.eclipse.ui.file.save",1389898306797
executed,command,org.eclipse.ui,3.7.0.v20110928-1505,"org.eclipse.ui.file.save",1389898439710
executed,command,org.eclipse.ui,3.7.0.v20110928-1505,"org.eclipse.ui.file.save",1389898448916
executed,command,org.eclipse.ui,3.7.0.v20110928-1505,"org.eclipse.ui.file.save",1389898463854
executed,command,org.eclipse.ui,3.7.0.v20110928-1505,"org.eclipse.ui.file.save",1389898494730
activated,view,org.eclipse.ui.console,3.5.100.v20111007_r372,"org.eclipse.ui.console.ConsoleView",1389903384232
activated,editor,org.scala-ide.sdt.core,3.0.0.v-2_09-201303191340-dac2f1c,"scala.tools.eclipse.ScalaSourceFileEditor",1389903414169
deactivated,workbench,org.eclipse.ui.workbench,3.7.1.v20120104-1859,"",1389905322290
activated,workbench,org.eclipse.ui.workbench,3.7.1.v20120104-1859,"",1389905329366
activated,view,org.eclipse.ui.console,3.5.100.v20111007_r372,"org.eclipse.ui.console.ConsoleView",1389905331411
executed,command,org.eclipse.ui,3.7.0.v20110928-1505,"org.eclipse.ui.edit.copy",1389905334968
deactivated,workbench,org.eclipse.ui.workbench,3.7.1.v20120104-1859,"",1389905336515
activated,workbench,org.eclipse.ui.workbench,3.7.1.v20120104-1859,"",1389905376759
activated,editor,org.scala-ide.sdt.core,3.0.0.v-2_09-201303191340-dac2f1c,"scala.tools.eclipse.ScalaSourceFileEditor",1389905379195
executed,command,org.eclipse.ui,3.7.0.v20110928-1505,"org.eclipse.ui.edit.paste",1389905382341
executed,command,org.eclipse.ui,3.7.0.v20110928-1505,"org.eclipse.ui.edit.copy",1389905409834
executed,command,org.eclipse.ui,3.7.0.v20110928-1505,"org.eclipse.ui.edit.paste",1389905412456
executed,command,org.eclipse.ui,3.7.0.v20110928-1505,"org.eclipse.ui.file.save",1389905420488
executed,command,org.eclipse.ui,3.7.0.v20110928-1505,"org.eclipse.ui.file.save",1389905448596
executed,command,org.eclipse.ui,3.7.0.v20110928-1505,"org.eclipse.ui.file.save",1389905454266
executed,command,org.eclipse.ui,3.7.0.v20110928-1505,"org.eclipse.ui.edit.paste",1389905481368
activated,view,org.eclipse.ui.console,3.5.100.v20111007_r372,"org.eclipse.ui.console.ConsoleView",1389905487452
activated,editor,org.scala-ide.sdt.core,3.0.0.v-2_09-201303191340-dac2f1c,"scala.tools.eclipse.ScalaSourceFileEditor",1389905489311
executed,command,org.eclipse.ui,3.7.0.v20110928-1505,"org.eclipse.ui.edit.copy",1389905490057
executed,command,org.eclipse.ui,3.7.0.v20110928-1505,"org.eclipse.ui.edit.paste",1389905492179
executed,command,org.eclipse.ui,3.7.0.v20110928-1505,"org.eclipse.ui.file.save",1389905501829
executed,command,org.eclipse.ui,3.7.0.v20110928-1505,"org.eclipse.ui.edit.copy",1389905647640
executed,command,org.eclipse.ui,3.7.0.v20110928-1505,"org.eclipse.ui.edit.paste",1389905653124
